{"cameraMode":{"drawMode":0,"name":"Shaded","section":"Shading Mode"},"sceneLighting":true,"audioPlay":false,"sceneViewState":{"m_AlwaysRefresh":false,"showFog":true,"showSkybox":true,"showFlares":true,"showImageEffects":true,"showParticleSystems":true,"showVisualEffectGraphs":true,"m_FxEnabled":true},"in2DMode":false,"pivot":{"x":-1.3330707550048829,"y":0.29611897468566897,"z":-3.3689448833465578},"rotation":{"x":-0.16503888368606568,"y":0.3473045825958252,"z":-0.062237098813056949,"w":-0.9210219979286194},"size":5.387933731079102,"orthographic":false}